Workbook

Sheet Power Function Model
A1: AlgoSports23.com - Power Function Prediction Model | O1: Use Excel's Solver: Data-Solver
A2: NFL 2025-2026
F3: Columns in Green = formulas | K3: MLE: | L3: =SUM(L6:L277) -> 0
H4: Cells in orange are more complicated formula | O4: Solver Solutions | W4: Regression: Win Margin
A5: Date | B5: HomeTeam | C5: HomePts | D5: AwayTeam | E5: AwayPts | F5: Win Margin | G5: NeutralSite | H5: HomeRating | I5: AwayRating | J5: HFA | K5: Obj-Prob | L5: LogObj | O5: HomeTeam | P5: Rating | Q5: LB | R5: UB | W5: HomeProb | X5: HomePct-0.5 | Y5: Win Margin | AB5: b1 | AC5: b0
A6: 45904.847 | B6: Eagles | C6: 24 | D6: Cowboys | E6: 20 | F6: =C6-E6 -> 4 | G6: 0 | H6: =VLOOKUP(B6, Q6:Q38, ) -> #N/A | J6: =P38 -> 5 | O6: 49ers | P6: 5 | Q6: 0.0001 | R6: 10 | W6: =(H6+J6)/SUM(H6:J6) -> #N/A | X6: =(W6-0.5) -> #N/A | Y6: =F6 -> 4 | AA6: Coeff | AB6: {=LINEST(Y6:Y277,X6:X277,FALSE,TRUE)} -> #VALUE!
A7: 45905.833 | B7: Chargers | C7: 27 | D7: Chiefs | E7: 21 | F7: =C7-E7 -> 6 | G7: 0 | O7: Bears | P7: 5 | Q7: 0.0001 | R7: 10 | W7: =(H7+J7)/SUM(H7:J7) -> #DIV/0! | X7: =(W7-0.5) -> #DIV/0! | Y7: =F7 -> 6 | AA7: se
A8: 45907.542 | B8: Browns | C8: 16 | D8: Bengals | E8: 17 | F8: =C8-E8 -> -1 | G8: 0 | O8: Bengals | P8: 5 | Q8: 0.0001 | R8: 10 | W8: =(H8+J8)/SUM(H8:J8) -> #DIV/0! | X8: =(W8-0.5) -> #DIV/0! | Y8: =F8 -> -1 | AA8: R2/SeY
A9: 45907.542 | B9: Colts | C9: 33 | D9: Dolphins | E9: 8 | F9: =C9-E9 -> 25 | G9: 0 | O9: Bills | P9: 5 | Q9: 0.0001 | R9: 10 | W9: =(H9+J9)/SUM(H9:J9) -> #DIV/0! | X9: =(W9-0.5) -> #DIV/0! | Y9: =F9 -> 25 | AA9: F / df
A10: 45907.542 | B10: Commanders | C10: 21 | D10: Giants | E10: 6 | F10: =C10-E10 -> 15 | G10: 0 | O10: Broncos | P10: 5 | Q10: 0.0001 | R10: 10 | W10: =(H10+J10)/SUM(H10:J10) -> #DIV/0! | X10: =(W10-0.5) -> #DIV/0! | Y10: =F10 -> 15 | AA10: SSR/SSE
A11: 45907.542 | B11: Falcons | C11: 20 | D11: Buccaneers | E11: 23 | F11: =C11-E11 -> -3 | G11: 0 | O11: Browns | P11: 5 | Q11: 0.0001 | R11: 10 | W11: =(H11+J11)/SUM(H11:J11) -> #DIV/0! | X11: =(W11-0.5) -> #DIV/0! | Y11: =F11 -> -3
A12: 45907.542 | B12: Jaguars | C12: 26 | D12: Panthers | E12: 10 | F12: =C12-E12 -> 16 | G12: 0 | O12: Buccaneers | P12: 5 | Q12: 0.0001 | R12: 10 | W12: =(H12+J12)/SUM(H12:J12) -> #DIV/0! | X12: =(W12-0.5) -> #DIV/0! | Y12: =F12 -> 16
A13: 45907.542 | B13: Jets | C13: 32 | D13: Steelers | E13: 34 | F13: =C13-E13 -> -2 | G13: 0 | O13: Cardinals | P13: 5 | Q13: 0.0001 | R13: 10 | W13: =(H13+J13)/SUM(H13:J13) -> #DIV/0! | X13: =(W13-0.5) -> #DIV/0! | Y13: =F13 -> -2
A14: 45907.542 | B14: Patriots | C14: 13 | D14: Raiders | E14: 20 | F14: =C14-E14 -> -7 | G14: 0 | O14: Chargers | P14: 5 | Q14: 0.0001 | R14: 10 | W14: =(H14+J14)/SUM(H14:J14) -> #DIV/0! | X14: =(W14-0.5) -> #DIV/0! | Y14: =F14 -> -7
A15: 45907.542 | B15: Saints | C15: 13 | D15: Cardinals | E15: 20 | F15: =C15-E15 -> -7 | G15: 0 | O15: Chiefs | P15: 5 | Q15: 0.0001 | R15: 10 | W15: =(H15+J15)/SUM(H15:J15) -> #DIV/0! | X15: =(W15-0.5) -> #DIV/0! | Y15: =F15 -> -7
A16: 45907.67 | B16: Broncos | C16: 20 | D16: Titans | E16: 12 | F16: =C16-E16 -> 8 | G16: 0 | O16: Colts | P16: 5 | Q16: 0.0001 | R16: 10 | W16: =(H16+J16)/SUM(H16:J16) -> #DIV/0! | X16: =(W16-0.5) -> #DIV/0! | Y16: =F16 -> 8
A17: 45907.67 | B17: Seahawks | C17: 13 | D17: 49ers | E17: 17 | F17: =C17-E17 -> -4 | G17: 0 | O17: Commanders | P17: 5 | Q17: 0.0001 | R17: 10 | W17: =(H17+J17)/SUM(H17:J17) -> #DIV/0! | X17: =(W17-0.5) -> #DIV/0! | Y17: =F17 -> -4
A18: 45907.684 | B18: Packers | C18: 27 | D18: Lions | E18: 13 | F18: =C18-E18 -> 14 | G18: 0 | O18: Cowboys | P18: 5 | Q18: 0.0001 | R18: 10 | W18: =(H18+J18)/SUM(H18:J18) -> #DIV/0! | X18: =(W18-0.5) -> #DIV/0! | Y18: =F18 -> 14
A19: 45907.684 | B19: Rams | C19: 14 | D19: Texans | E19: 9 | F19: =C19-E19 -> 5 | G19: 0 | O19: Dolphins | P19: 5 | Q19: 0.0001 | R19: 10 | W19: =(H19+J19)/SUM(H19:J19) -> #DIV/0! | X19: =(W19-0.5) -> #DIV/0! | Y19: =F19 -> 5
A20: 45907.847 | B20: Bills | C20: 41 | D20: Ravens | E20: 40 | F20: =C20-E20 -> 1 | G20: 0 | O20: Eagles | P20: 5 | Q20: 0.0001 | R20: 10 | W20: =(H20+J20)/SUM(H20:J20) -> #DIV/0! | X20: =(W20-0.5) -> #DIV/0! | Y20: =F20 -> 1
A21: 45908.844 | B21: Bears | C21: 24 | D21: Vikings | E21: 27 | F21: =C21-E21 -> -3 | G21: 0 | O21: Falcons | P21: 5 | Q21: 0.0001 | R21: 10 | W21: =(H21+J21)/SUM(H21:J21) -> #DIV/0! | X21: =(W21-0.5) -> #DIV/0! | Y21: =F21 -> -3
A22: 45911.844 | B22: Packers | C22: 27 | D22: Commanders | E22: 18 | F22: =C22-E22 -> 9 | G22: 0 | O22: Giants | P22: 5 | Q22: 0.0001 | R22: 10 | W22: =(H22+J22)/SUM(H22:J22) -> #DIV/0! | X22: =(W22-0.5) -> #DIV/0! | Y22: =F22 -> 9
... A38: 45918.844 | B38: Bills | C38: 31 | D38: Dolphins | E38: 21 | F38: =C38-E38 -> 10 | G38: 0 | O38: HFA | P38: 5 | Q38: 0.0001 | R38: 10 | W38: =(H38+J38)/SUM(H38:J38) -> #DIV/0! | X38: =(W38-0.5) -> #DIV/0! | Y38: =F38 -> 10
A39: 45921.542 | B39: Browns | C39: 13 | D39: Packers | E39: 10 | F39: =C39-E39 -> 3 | G39: 0 | W39: =(H39+J39)/SUM(H39:J39) -> #DIV/0! | X39: =(W39-0.5) -> #DIV/0! | Y39: =F39 -> 3
A40: 45921.542 | B40: Buccaneers | C40: 29 | D40: Jets | E40: 27 | F40: =C40-E40 -> 2 | G40: 0 | W40: =(H40+J40)/SUM(H40:J40) -> #DIV/0! | X40: =(W40-0.5) -> #DIV/0! | Y40: =F40 -> 2
A41: 45921.542 | B41: Commanders | C41: 41 | D41: Raiders | E41: 24 | F41: =C41-E41 -> 17 | G41: 0 | W41: =(H41+J41)/SUM(H41:J41) -> #DIV/0! | X41: =(W41-0.5) -> #DIV/0! | Y41: =F41 -> 17
A42: 45921.542 | B42: Eagles | C42: 33 | D42: Rams | E42: 26 | F42: =C42-E42 -> 7 | G42: 0 | W42: =(H42+J42)/SUM(H42:J42) -> #DIV/0! | X42: =(W42-0.5) -> #DIV/0! | Y42: =F42 -> 7
A43: 45921.542 | B43: Jaguars | C43: 17 | D43: Texans | E43: 10 | F43: =C43-E43 -> 7 | G43: 0 | W43: =(H43+J43)/SUM(H43:J43) -> #DIV/0! | X43: =(W43-0.5) -> #DIV/0! | Y43: =F43 -> 7
A44: 45921.542 | B44: Panthers | C44: 30 | D44: Falcons | E44: 0 | F44: =C44-E44 -> 30 | G44: 0 | W44: =(H44+J44)/SUM(H44:J44) -> #DIV/0! | X44: =(W44-0.5) -> #DIV/0! | Y44: =F44 -> 30
A45: 45921.542 | B45: Patriots | C45: 14 | D45: Steelers | E45: 21 | F45: =C45-E45 -> -7 | G45: 0 | W45: =(H45+J45)/SUM(H45:J45) -> #DIV/0! | X45: =(W45-0.5) -> #DIV/0! | Y45: =F45 -> -7
A46: 45921.542 | B46: Titans | C46: 20 | D46: Colts | E46: 41 | F46: =C46-E46 -> -21 | G46: 0 | W46: =(H46+J46)/SUM(H46:J46) -> #DIV/0! | X46: =(W46-0.5) -> #DIV/0! | Y46: =F46 -> -21
A47: 45921.542 | B47: Vikings | C47: 48 | D47: Bengals | E47: 10 | F47: =C47-E47 -> 38 | G47: 0 | W47: =(H47+J47)/SUM(H47:J47) -> #DIV/0! | X47: =(W47-0.5) -> #DIV/0! | Y47: =F47 -> 38
A48: 45921.67 | B48: Chargers | C48: 23 | D48: Broncos | E48: 20 | F48: =C48-E48 -> 3 | G48: 0 | W48: =(H48+J48)/SUM(H48:J48) -> #DIV/0! | X48: =(W48-0.5) -> #DIV/0! | Y48: =F48 -> 3
A49: 45921.67 | B49: Seahawks | C49: 44 | D49: Saints | E49: 13 | F49: =C49-E49 -> 31 | G49: 0 | W49: =(H49+J49)/SUM(H49:J49) -> #DIV/0! | X49: =(W49-0.5) -> #DIV/0! | Y49: =F49 -> 31
A50: 45921.684 | B50: 49ers | C50: 16 | D50: Cardinals | E50: 15 | F50: =C50-E50 -> 1 | G50: 0 | W50: =(H50+J50)/SUM(H50:J50) -> #DIV/0! | X50: =(W50-0.5) -> #DIV/0! | Y50: =F50 -> 1
... A277: 46026.847 | B277: Steelers | C277: 26 | D277: Ravens | E277: 24 | F277: =C277-E277 -> 2 | G277: 0 | W277: =(H277+J277)/SUM(H277:J277) -> #DIV/0! | X277: =(W277-0.5) -> #DIV/0! | Y277: =F277 -> 2

Sheet Rankings
C3: Ranking by Team Record | I3: Ranking by Rating
C5: Rank | D5: Team | E5: W-L-T | F5: Pct | I5: Rank | J5: HomeTeam | K5: Rating
C6: 1 | D6: Broncos | E6: 14-3-0 | F6: 0.82352941 | I6: 1 | J6: Seahawks | K6: 10
C7: 1 | D7: Patriots | E7: 14-3-0 | F7: 0.82352941 | I7: 2 | J7: Jaguars | K7: 6.3020283
C8: 1 | D8: Seahawks | E8: 14-3-0 | F8: 0.82352941 | I8: 3 | J8: Rams | K8: 5.1938602
C9: 4 | D9: Jaguars | E9: 13-4-0 | F9: 0.76470588 | I9: 4 | J9: Texans | K9: 5.0900515
C10: 5 | D10: 49ers | E10: 12-5-0 | F10: 0.70588235 | I10: 5 | J10: Broncos | K10: 5.0151195
C11: 5 | D11: Bills | E11: 12-5-0 | F11: 0.70588235 | I11: 6 | J11: 49ers | K11: 4.8810995
C12: 5 | D12: Rams | E12: 12-5-0 | F12: 0.70588235 | I12: 7 | J12: Patriots | K12: 3.9271044
C13: 5 | D13: Texans | E13: 12-5-0 | F13: 0.70588235 | I13: 8 | J13: Bills | K13: 2.6524785
C14: 9 | D14: Bears | E14: 11-6-0 | F14: 0.64705882 | I14: 9 | J14: Chargers | K14: 2.0323727
C15: 9 | D15: Chargers | E15: 11-6-0 | F15: 0.64705882 | I15: 10 | J15: Eagles | K15: 1.8623748
C16: 9 | D16: Eagles | E16: 11-6-0 | F16: 0.64705882 | I16: 11 | J16: Bears | K16: 1.6231249
C17: 12 | D17: Steelers | E17: 10-7-0 | F17: 0.58823529 | I17: 12 | J17: Steelers | K17: 1.577408
... C37: 29 | D37: Titans | E37: 3-14-0 | F37: 0.17647059 | I37: 32 | J37: Raiders | K37: 0.13055187

Sheet Predictions
B2: NFL 2026 - Playoff Predictions
B4: Date | C4: HomeTeam | D4: HomePts | E4: AwayTeam | F4: AwayPts | G4: Win Margin | H4: NeutralSite | I4: HomeRating | J4: AwayRating | K4: HFA | L4: Home-Prob | M4: Win-Prob | N4: Pred-Winner | O4: Margin | P4: Actual-Winner | Q4: Margin | R4: Correct | T4: Regression
B5: 46032.688 | C5: Panthers | D5: 31 | E5: Rams | F5: 34 | G5: =D5-F5 -> -3 | H5: 0 | I5: =VLOOKUP(C5,'Power Function Model'!$O$6:$P$38,2,FALSE) -> 5 | J5: =VLOOKUP(E5,'Power Function Model'!$O$6:$P$38,2,FALSE) -> 5 | K5: ='Power Function Model'!$P$38 -> 5 | L5: =(I5+K5)/SUM(I5:K5) -> 0.66666667 | M5: =IF(L5>0.5,L5,1-L5) -> 0.66666667 | N5: =IF(L5>0.5,C5,E5) -> Panthers | O5: =-$U$5 + $U$6*M5 -> 4.8879616 | P5: Rams | Q5: =ABS(G5) -> 3 | R5: =IF(N5=P5,1,0) -> 0 | T5: b0 | U5: 14.663885
B6: 46032.833 | C6: Bears | D6: 31 | E6: Packers | F6: 27 | G6: =D6-F6 -> 4 | H6: 0 | I6: =VLOOKUP(C6,'Power Function Model'!$O$6:$P$38,2,FALSE) -> 5 | J6: =VLOOKUP(E6,'Power Function Model'!$O$6:$P$38,2,FALSE) -> 5 | K6: ='Power Function Model'!$P$38 -> 5 | L6: =(I6+K6)/SUM(I6:K6) -> 0.66666667 | M6: =IF(L6>0.5,L6,1-L6) -> 0.66666667 | N6: =IF(L6>0.5,C6,E6) -> Bears | O6: =-$U$5 + $U$6*M6 -> 4.8879616 | P6: Bears | Q6: =ABS(G6) -> 4 | R6: =IF(N6=P6,1,0) -> 1 | T6: b1 | U6: 29.32777
B7: 46033.542 | C7: Jaguars | D7: 24 | E7: Bills | F7: 27 | G7: =D7-F7 -> -3 | H7: 0 | I7: =VLOOKUP(C7,'Power Function Model'!$O$6:$P$38,2,FALSE) -> 5 | J7: =VLOOKUP(E7,'Power Function Model'!$O$6:$P$38,2,FALSE) -> 5 | K7: ='Power Function Model'!$P$38 -> 5 | L7: =(I7+K7)/SUM(I7:K7) -> 0.66666667 | M7: =IF(L7>0.5,L7,1-L7) -> 0.66666667 | N7: =IF(L7>0.5,C7,E7) -> Jaguars | O7: =-$U$5 + $U$6*M7 -> 4.8879616 | P7: Bills | Q7: =ABS(G7) -> 3 | R7: =IF(N7=P7,1,0) -> 0
B8: 46033.688 | C8: Eagles | D8: 19 | E8: 49ers | F8: 23 | G8: =D8-F8 -> -4 | H8: 0 | I8: =VLOOKUP(C8,'Power Function Model'!$O$6:$P$38,2,FALSE) -> 5 | J8: =VLOOKUP(E8,'Power Function Model'!$O$6:$P$38,2,FALSE) -> 5 | K8: ='Power Function Model'!$P$38 -> 5 | L8: =(I8+K8)/SUM(I8:K8) -> 0.66666667 | M8: =IF(L8>0.5,L8,1-L8) -> 0.66666667 | N8: =IF(L8>0.5,C8,E8) -> Eagles | O8: =-$U$5 + $U$6*M8 -> 4.8879616 | P8: 49ers | Q8: =ABS(G8) -> 4 | R8: =IF(N8=P8,1,0) -> 0
B9: 46033.833 | C9: Patriots | D9: 16 | E9: Chargers | F9: 3 | G9: =D9-F9 -> 13 | H9: 0 | I9: =VLOOKUP(C9,'Power Function Model'!$O$6:$P$38,2,FALSE) -> 5 | J9: =VLOOKUP(E9,'Power Function Model'!$O$6:$P$38,2,FALSE) -> 5 | K9: ='Power Function Model'!$P$38 -> 5 | L9: =(I9+K9)/SUM(I9:K9) -> 0.66666667 | M9: =IF(L9>0.5,L9,1-L9) -> 0.66666667 | N9: =IF(L9>0.5,C9,E9) -> Patriots | O9: =-$U$5 + $U$6*M9 -> 4.8879616 | P9: Patriots | Q9: =ABS(G9) -> 13 | R9: =IF(N9=P9,1,0) -> 1
B10: 46034.844 | C10: Steelers | D10: 6 | E10: Texans | F10: 30 | G10: =D10-F10 -> -24 | H10: 0 | I10: =VLOOKUP(C10,'Power Function Model'!$O$6:$P$38,2,FALSE) -> 5 | J10: =VLOOKUP(E10,'Power Function Model'!$O$6:$P$38,2,FALSE) -> 5 | K10: ='Power Function Model'!$P$38 -> 5 | L10: =(I10+K10)/SUM(I10:K10) -> 0.66666667 | M10: =IF(L10>0.5,L10,1-L10) -> 0.66666667 | N10: =IF(L10>0.5,C10,E10) -> Steelers | O10: =-$U$5 + $U$6*M10 -> 4.8879616 | P10: Texans | Q10: =ABS(G10) -> 24 | R10: =IF(N10=P10,1,0) -> 0
B11: 46039.688 | C11: Broncos | D11: 33 | E11: Bills | F11: 30 | G11: =D11-F11 -> 3 | H11: 0 | I11: =VLOOKUP(C11,'Power Function Model'!$O$6:$P$38,2,FALSE) -> 5 | J11: =VLOOKUP(E11,'Power Function Model'!$O$6:$P$38,2,FALSE) -> 5 | K11: ='Power Function Model'!$P$38 -> 5 | L11: =(I11+K11)/SUM(I11:K11) -> 0.66666667 | M11: =IF(L11>0.5,L11,1-L11) -> 0.66666667 | N11: =IF(L11>0.5,C11,E11) -> Broncos | O11: =-$U$5 + $U$6*M11 -> 4.8879616 | P11: Broncos | Q11: =ABS(G11) -> 3 | R11: =IF(N11=P11,1,0) -> 1
B12: 46039.833 | C12: Seahawks | D12: 41 | E12: 49ers | F12: 6 | G12: =D12-F12 -> 35 | H12: 0 | I12: =VLOOKUP(C12,'Power Function Model'!$O$6:$P$38,2,FALSE) -> 5 | J12: =VLOOKUP(E12,'Power Function Model'!$O$6:$P$38,2,FALSE) -> 5 | K12: ='Power Function Model'!$P$38 -> 5 | L12: =(I12+K12)/SUM(I12:K12) -> 0.66666667 | M12: =IF(L12>0.5,L12,1-L12) -> 0.66666667 | N12: =IF(L12>0.5,C12,E12) -> Seahawks | O12: =-$U$5 + $U$6*M12 -> 4.8879616 | P12: Seahawks | Q12: =ABS(G12) -> 35 | R12: =IF(N12=P12,1,0) -> 1
B13: 46040.625 | C13: Bears | D13: 17 | E13: Rams | F13: 20 | G13: =D13-F13 -> -3 | H13: 0 | I13: =VLOOKUP(C13,'Power Function Model'!$O$6:$P$38,2,FALSE) -> 5 | J13: =VLOOKUP(E13,'Power Function Model'!$O$6:$P$38,2,FALSE) -> 5 | K13: ='Power Function Model'!$P$38 -> 5 | L13: =(I13+K13)/SUM(I13:K13) -> 0.66666667 | M13: =IF(L13>0.5,L13,1-L13) -> 0.66666667 | N13: =IF(L13>0.5,C13,E13) -> Bears | O13: =-$U$5 + $U$6*M13 -> 4.8879616 | P13: Rams | Q13: =ABS(G13) -> 3 | R13: =IF(N13=P13,1,0) -> 0
B14: 46040.771 | C14: Patriots | D14: 28 | E14: Texans | F14: 16 | G14: =D14-F14 -> 12 | H14: 0 | I14: =VLOOKUP(C14,'Power Function Model'!$O$6:$P$38,2,FALSE) -> 5 | J14: =VLOOKUP(E14,'Power Function Model'!$O$6:$P$38,2,FALSE) -> 5 | K14: ='Power Function Model'!$P$38 -> 5 | L14: =(I14+K14)/SUM(I14:K14) -> 0.66666667 | M14: =IF(L14>0.5,L14,1-L14) -> 0.66666667 | N14: =IF(L14>0.5,C14,E14) -> Patriots | O14: =-$U$5 + $U$6*M14 -> 4.8879616 | P14: Patriots | Q14: =ABS(G14) -> 12 | R14: =IF(N14=P14,1,0) -> 1
B15: 46047.625 | C15: Broncos | D15: 7 | E15: Patriots | F15: 10 | G15: =D15-F15 -> -3 | H15: 0 | I15: =VLOOKUP(C15,'Power Function Model'!$O$6:$P$38,2,FALSE) -> 5 | J15: =VLOOKUP(E15,'Power Function Model'!$O$6:$P$38,2,FALSE) -> 5 | K15: ='Power Function Model'!$P$38 -> 5 | L15: =(I15+K15)/SUM(I15:K15) -> 0.66666667 | M15: =IF(L15>0.5,L15,1-L15) -> 0.66666667 | N15: =IF(L15>0.5,C15,E15) -> Broncos | O15: =-$U$5 + $U$6*M15 -> 4.8879616 | P15: Patriots | Q15: =ABS(G15) -> 3 | R15: =IF(N15=P15,1,0) -> 0
B16: 46047.771 | C16: Seahawks | D16: 31 | E16: Rams | F16: 27 | G16: =D16-F16 -> 4 | H16: 0 | I16: =VLOOKUP(C16,'Power Function Model'!$O$6:$P$38,2,FALSE) -> 5 | J16: =VLOOKUP(E16,'Power Function Model'!$O$6:$P$38,2,FALSE) -> 5 | K16: ='Power Function Model'!$P$38 -> 5 | L16: =(I16+K16)/SUM(I16:K16) -> 0.66666667 | M16: =IF(L16>0.5,L16,1-L16) -> 0.66666667 | N16: =IF(L16>0.5,C16,E16) -> Seahawks | O16: =-$U$5 + $U$6*M16 -> 4.8879616 | P16: Seahawks | Q16: =ABS(G16) -> 4 | R16: =IF(N16=P16,1,0) -> 1
B17: 46061 | C17: Seahawks | D17: 29 | E17: Patriots | F17: 13 | G17: =D17-F17 -> 16 | H17: 1 | I17: =VLOOKUP(C17,'Power Function Model'!$O$6:$P$38,2,FALSE) -> 5 | J17: =VLOOKUP(E17,'Power Function Model'!$O$6:$P$38,2,FALSE) -> 5 | K17: 0 | L17: =(I17+K17)/SUM(I17:K17) -> 0.5 | M17: =IF(L17>0.5,L17,1-L17) -> 0.5 | N17: =IF(L17>0.5,C17,E17) -> Patriots | O17: =-$U$5 + $U$6*M17 -> 0 | P17: Seahawks | Q17: =ABS(G17) -> 16 | R17: =IF(N17=P17,1,0) -> 0
M19: =SUM(M5:M17) -> 8.5 | R19: =SUM(R5:R17) -> 6
